colab_url,file_path,batch_idx
https://colab.research.google.com/drive/1lNGe_jodX_R7wFnrHnJ28rBQcZyxC3br,Advanced Learning - Learn to use some tool - infra__0_V3_B.ipynb,batch_10
https://colab.research.google.com/drive/1svfYTQMIgPYhqlu5tKULPmkQaKaxK8ox,First Timer Interview preparation - User asks AI help to take an Interview. AI takes an interview__0_V3_B.ipynb,batch_10
https://colab.research.google.com/drive/1Hr3kk1Ls6DQRzuqyMUJHAPlPI_13h0Rg,Advanced Interview preparation - User asks AI help to take an Interview. AI takes an interview__0_V3_B.ipynb,batch_10
https://colab.research.google.com/drive/1xgu7DHuZUUcKArw9F1G5jruMJI66qes6,Intermediate Interview preparation - Debug and fix code__0_V3_B.ipynb,batch_10
https://colab.research.google.com/drive/1UBwQ8fvwjlbIcYPnWOu5E75AfkMX6YHj,Beginner General coding help - Do a code review__0_V3_B.ipynb,batch_10
https://colab.research.google.com/drive/15Zt4ixXXg4ecGggEuIOElupvdUPMhgSv,Intermediate Learning - Learn to use some tool - infra__0_V3_B.ipynb,batch_10
https://colab.research.google.com/drive/1kDvmSmpVH_ieyFQoVVlezX8ELYOofBs4,Expert General coding help - Explain complex code snippets__0_V3_B.ipynb,batch_10
https://colab.research.google.com/drive/1_swHXP6cZDybASaW6QeqMJyR_K6g11eE,Advanced General coding help - Explain complex code snippets__0_V3_B.ipynb,batch_10
https://colab.research.google.com/drive/1FNB8pYDp2HnFQz2KvR8XCi9J_U1WxPw5,Beginner Interview preparation - Proactively ask follow up questions__0_V3_B.ipynb,batch_10
https://colab.research.google.com/drive/19Dtaauys9vN3yIyB8qFTjNeDwUYBBxfz,Advanced Interview preparation - User asks AI help to take an Interview. AI takes an interview__1_V3_B.ipynb,batch_10
https://colab.research.google.com/drive/18_RUODOuiK0TopRSaWDvYlPfmtyoyOyI,Intermediate General coding help - Add comments to code__0_V3_B.ipynb,batch_10
https://colab.research.google.com/drive/1ede1NtSDJXh-Q3ws_9tN68yVjJxF5jfT,Advanced Write unit test - Explain code with comments__0_V3_B.ipynb,batch_10
https://colab.research.google.com/drive/10_GOI_ECeh8_eN2c7Q7vZCA79vFJZUd4,Beginner Interview preparation - Proactively ask follow up questions__1_V3_B.ipynb,batch_10
https://colab.research.google.com/drive/1v9SiuN_CrqxkGj1hv62zLv8c7hOQJgrp,Expert Debugging and Troubleshooting - Debug error trace__0_V3_B.ipynb,batch_10
https://colab.research.google.com/drive/10p7m_ySu56ZYQuVwtwT3y-Wju-FKCFMi,Intermediate Learning - Learn to program__0_V3_B.ipynb,batch_10
https://colab.research.google.com/drive/1zksR5B5IGQE7Bh3j7wqbsod_9Qv-D9d5,Expert Learning - Learn to use some tool - infra__0_V3_B.ipynb,batch_10
https://colab.research.google.com/drive/1pzPxL5qYjl6fqM65vB5iM6kPKlqiO7bo,Beginner General coding help - Explain complex code snippets__0_V3_B.ipynb,batch_10
https://colab.research.google.com/drive/1TN5Rl5-rXU470HPqG1lkfQXA43o3I1Bb,First Timer Interview preparation - Explain alternative solutions and trade offs__0_V3_B.ipynb,batch_10
https://colab.research.google.com/drive/1N_6wZ-zf2m7_VrvPa0XYGt12-rxIP5_x,Beginner General coding help - Do a code review__1_V3_B.ipynb,batch_10
https://colab.research.google.com/drive/1wy0sGhoSvTP8DagFhoWhKycl678EDTGF,Advanced General coding help - Add comments to code__0_V3_B.ipynb,batch_10
https://colab.research.google.com/drive/16NoplunTAe-dE9UgYQqM_MbTkVsXo6Uz,Beginner Interview preparation - User asks AI help to take an Interview. AI takes an interview__0_V3_B.ipynb,batch_10
https://colab.research.google.com/drive/103inyLbvTvrNk-NZwe7PcWuu93MI17lk,Advanced Debugging and Troubleshooting - Debug error trace__0_V3_B.ipynb,batch_10
https://colab.research.google.com/drive/1r3alasJUaAtIKFmQn0a5_ACmLySyaBuv,Intermediate General coding help - Explain complex code snippets__0_V3_B.ipynb,batch_10
https://colab.research.google.com/drive/1gwfCc2Ef57haCtxVv63P462W50bPDQBW,Expert Interview preparation - Explain the problem step by step__0_V3_B.ipynb,batch_10
https://colab.research.google.com/drive/1_vwIJ0Q6XbAEumujRu0ljrty8SKjLrE8,Intermediate General coding help - Do a code review__0_V3_B.ipynb,batch_10
https://colab.research.google.com/drive/1ciPImLD2ID0R1tPQkNOhJMseKFcte2OV,Intermediate Interview preparation - Explain areas where people usually make mistakes__0_V3_B.ipynb,batch_10
https://colab.research.google.com/drive/10NB4-ENKklH0OoCm5XP-LOiQ7LHXUaln,Advanced General coding help - Refactor code__0_V3_B.ipynb,batch_10
https://colab.research.google.com/drive/1JnnWWMJCodircc4wp_ZhvYC8cwRP2Jri,Intermediate Write unit test - Explain code with comments__0_V3_B.ipynb,batch_10
https://colab.research.google.com/drive/1x0JAijmNjoF-e0STE_jYgTa-ilX1ZW21,Expert Interview preparation - Explain areas where people usually make mistakes__0_V3_B.ipynb,batch_10
https://colab.research.google.com/drive/1x8XtQ4I5Urxsect30GAvDsfy4kIAEYCq,Intermediate Basic scripting - Write simple code in Javascript__0_V3_B.ipynb,batch_10
https://colab.research.google.com/drive/1c1uYyu6fda__VZ3PmjXpJhy9Iy2Rj7JW,Intermediate Write unit test - Explain code with comments__1_V3_B.ipynb,batch_10
https://colab.research.google.com/drive/1WJQBMyB_TRDlY8dcAK4obm-AOV3PWTCx,Advanced General coding help - Do a code review__0_V3_B.ipynb,batch_10
https://colab.research.google.com/drive/1FAYe3BTR8I3ywRe7VvSrA0D08bCn2QFZ,Intermediate Write unit test - Explain code with comments__2_V3_B.ipynb,batch_10
https://colab.research.google.com/drive/1iaOtyXgIS7k1GvdS070Tev60nykP9_AX,Beginner General coding help - Rewrite code using better formatting - best practises__0_V3_B.ipynb,batch_10
https://colab.research.google.com/drive/1KGrVyreK5hEaja-KCc_m33qg1wtMC7Nl,Beginner Basic scripting - Write simple code in Javascript__0_V3_B.ipynb,batch_10
https://colab.research.google.com/drive/1xnc2tKfQ1zbmtPmOCoTp7dtqE8oqTKmj,Intermediate Write unit test - Explain code with comments__3_V3_B.ipynb,batch_10
https://colab.research.google.com/drive/1EZ2Zquo6lVFPKgB68bSCAe_aT3gGtrWB,Expert Write unit test - Explain code with comments__0_V3_B.ipynb,batch_10
https://colab.research.google.com/drive/1fnUSpD78IsD73GMZ77cWZvvPvAECGhE7,Advanced General coding help - Explain complex code snippets__1_V3_B.ipynb,batch_10
https://colab.research.google.com/drive/1Op6bbO2cLrPg5irwvxxs_9vvNdzPXZso,Expert Debugging and Troubleshooting - Debug error trace__1_V3_B.ipynb,batch_10
https://colab.research.google.com/drive/1653YKWAdR5nB-N42TM7hWaImiV7au16v,Advanced General coding help - Rewrite code using better formatting - best practises__0_V3_B.ipynb,batch_10
https://colab.research.google.com/drive/1D4Dezkz4Fag1YJKy3Ci_EMNS_GbNrEgR,Advanced General coding help - Do a code review__1_V3_B.ipynb,batch_10
https://colab.research.google.com/drive/1aDQ364Bk16DQJ21aO0agdzz7xLV4CbH0,Beginner General coding help - Explain complex code snippets__1_V3_B.ipynb,batch_10
https://colab.research.google.com/drive/13HMY322gTMT4CNlRNKx6JACDadQvXgt6,Beginner Basic scripting - Write simple code in Javascript__1_V3_B.ipynb,batch_10
https://colab.research.google.com/drive/1sJlFeBKZWm3tWflAD9oM6goVfdRdOHB5,Intermediate Write unit test - Explain code with comments__4_V3_B.ipynb,batch_10
https://colab.research.google.com/drive/1MCUCPw1rwMpn5vSkhY2LlSws3zOi-Dy1,First Timer Basic scripting - Write simple code in Javascript__0_V3_B.ipynb,batch_10
https://colab.research.google.com/drive/1i0T0DpCMifIgdnfpZm8GHu8ex0k75mJe,Intermediate General coding help - Add comments to code__1_V3_B.ipynb,batch_10
https://colab.research.google.com/drive/1vCQOzZDZ6mR8xv_KQMCoACuzE3-rdvOi,Expert Interview preparation - Explain areas where people usually make mistakes__1_V3_B.ipynb,batch_10
https://colab.research.google.com/drive/1vTVGn9wzd8KlrgqmGRAuEO745dRuEwxT,Expert General coding help - Refactor code__0_V3_B.ipynb,batch_10
https://colab.research.google.com/drive/1EQkrX5yzXW_SBfNhL5_L8Ru8ZJqlWYA2,Beginner Debugging and Troubleshooting - Debug error trace__0_V3_B.ipynb,batch_10
https://colab.research.google.com/drive/1x9gBIpLDJWIdooTPzmTtih2tvmdL5OUH,Intermediate Interview preparation - Proactively ask follow up questions__0_V3_B.ipynb,batch_10
https://colab.research.google.com/drive/15bI6LzDUDhEc1LEfanc3jz0cl5NI7aZO,Advanced General coding help - Do a code review__2_V3_B.ipynb,batch_10
https://colab.research.google.com/drive/1BW_oZsa7UxvnoAZcd2XRyHIi8PCWV1yp,Intermediate Interview preparation - Proactively ask follow up questions__1_V3_B.ipynb,batch_10
https://colab.research.google.com/drive/1xow7gtIXI4dbojmGwc1Vsihro0hQ43gy,Expert Write unit test - Explain code with comments__1_V3_B.ipynb,batch_10
https://colab.research.google.com/drive/1uEzmLWL3okETDAxdfldPwhObgquys3FD,Intermediate Write unit test - Explain code with comments__5_V3_B.ipynb,batch_10
https://colab.research.google.com/drive/11RHP71_CqoKTCGdM6y6L6NfEJSlunMcH,First Timer Interview preparation - System Design rounds__0_V3_B.ipynb,batch_10
https://colab.research.google.com/drive/11YNhTlNzgs9fUbfdaWAt333zUH2NjEdO,Advanced Debugging and Troubleshooting - Debug error trace__1_V3_B.ipynb,batch_10
https://colab.research.google.com/drive/1XFBggFlsA4BUEuntJHeV2Z85jGOdXmTO,Advanced Interview preparation - Explain areas where people usually make mistakes__0_V3_B.ipynb,batch_10
https://colab.research.google.com/drive/1sYYoST9HrOpd4Mj-ZjDKytnJ2HMH3B9x,Beginner Interview preparation - Explain areas where people usually make mistakes__0_V3_B.ipynb,batch_10
https://colab.research.google.com/drive/1xMGn49hzTWXvXoz4vPq6Ygt5zGsp0nko,Advanced Interview preparation - Explain areas where people usually make mistakes__1_V3_B.ipynb,batch_10
https://colab.research.google.com/drive/1hT9bfO_KUR_lEn1xg5NwsfmPPawBm8P3,Advanced Write unit test - Explain code with comments__1_V3_B.ipynb,batch_10
https://colab.research.google.com/drive/1qZ8cDuCwBa2mFg3gaXD0T6u7i9Qmu9np,Beginner Interview preparation - Explain alternative solutions and trade offs__0_V3_B.ipynb,batch_10
https://colab.research.google.com/drive/1mfc-42CC222X3yvSVE2Hqsl5cpuIRqV-,Intermediate Interview preparation - Explain alternative solutions and trade offs__0_V3_B.ipynb,batch_10
https://colab.research.google.com/drive/1JjNe2dhcvrPT6S0Xfc_5qDp6iTLStguD,Expert Interview preparation - Explain areas where people usually make mistakes__2_V3_B.ipynb,batch_10
https://colab.research.google.com/drive/1IVdfkq_1amGzI6U85pPUNxw5lHm6rk4A,Advanced Interview preparation - Proactively ask follow up questions__0_V3_B.ipynb,batch_10
https://colab.research.google.com/drive/18jewBMx-ucZ6B16opzzd2tlGiFX_4N-d,Expert General coding help - Rewrite code using better formatting - best practises__0_V3_B.ipynb,batch_10
https://colab.research.google.com/drive/1NbSAdGAorjE3K_Ny-abUH14Y_mi32pmz,Expert General coding help - Refactor code__1_V3_B.ipynb,batch_10
https://colab.research.google.com/drive/1VmOdV3LFwHUUAn3G3Jj9peE25EgIZm4y,Expert Interview preparation - Debug and fix code__0_V3_B.ipynb,batch_10
https://colab.research.google.com/drive/1sNslvcTZu_wAIazWA1zzNd9sCKAyi_QD,Beginner Write unit test - Explain code with comments__0_V3_B.ipynb,batch_10
https://colab.research.google.com/drive/12mfMzPD4JKQK-bCS05m4yN1e0xvqij4I,Advanced Interview preparation - System Design rounds__0_V3_B.ipynb,batch_10
https://colab.research.google.com/drive/1D1pCincBmqg6duhQV0MP6IUlhSGmzyfa,Advanced Interview preparation - System Design rounds__1_V3_B.ipynb,batch_10
https://colab.research.google.com/drive/1-P6_IxNHP19cfbIKB-PTKEahSWiISOgP,Intermediate General coding help - Refactor code__0_V3_B.ipynb,batch_10
https://colab.research.google.com/drive/1OJlcR1rQFbRWU6-h5MIJabU4-SEQAa_s,Expert General coding help - Refactor code__2_V3_B.ipynb,batch_10
https://colab.research.google.com/drive/1y2IHb2zLeniIX7GXo2W6ztHkR8NObcLZ,Expert Interview preparation - System Design rounds__0_V3_B.ipynb,batch_10
https://colab.research.google.com/drive/1prYBVznJzou6iGoTBhf71GJdw68oqZbu,Expert General coding help - Explain complex code snippets__1_V3_B.ipynb,batch_10
https://colab.research.google.com/drive/1gSCDWX5BLO89vDUhXCL42I5Kgg7n96aa,Expert General coding help - Add comments to code__0_V3_B.ipynb,batch_10
https://colab.research.google.com/drive/1Ed-fLMra8GBBhCx9Up7xfwK9rNRK8cEw,Intermediate Interview preparation - User asks AI help to take an Interview. AI takes an interview__0_V3_B.ipynb,batch_10
https://colab.research.google.com/drive/1QpAqXGCplAYJe4diAK-hlEWJxlZGEgrQ,First Timer Interview preparation - Debug and fix code__0_V3_B.ipynb,batch_10
https://colab.research.google.com/drive/1DS7jdiwol6HXWSjG66wJwmiAvxY9K8Za,Intermediate Learning - Learn to use some tool - infra__1_V3_B.ipynb,batch_10
https://colab.research.google.com/drive/1Kl4-cdhQtWpKa00LrBpO0FA8pK-glbN_,Expert Debugging and Troubleshooting - Debug error trace__2_V3_B.ipynb,batch_10
https://colab.research.google.com/drive/1bVB-zvb0alwZY4D0OuVCBXqYiLxWxr5v,First Timer Basic scripting - Write simple code in Javascript__1_V3_B.ipynb,batch_10
https://colab.research.google.com/drive/1CHzawZY2t1FyjyMZYquYCCSv71TP-esT,Intermediate Write unit test - Explain code with comments__6_V3_B.ipynb,batch_10
https://colab.research.google.com/drive/1WOkp_7kLygQukdWksfu31rWIRqYqw8uW,Intermediate Basic scripting - Write simple code in Javascript__1_V3_B.ipynb,batch_10
https://colab.research.google.com/drive/1PGVjFomJEOeETUBBcUkPJ4vHzu2PqdQm,Intermediate Basic scripting - Write simple code in Javascript__2_V3_B.ipynb,batch_10
https://colab.research.google.com/drive/1gU_8tFYxgn3Wxzg6OowiG4RQpcdm5luo,Beginner Learning - Learn to program__0_V3_B.ipynb,batch_10
https://colab.research.google.com/drive/137kfjigjMzf9jKGMKP0ZYBPTNBaiFazp,First Timer Interview preparation - Proactively ask follow up questions__0_V3_B.ipynb,batch_10
https://colab.research.google.com/drive/1m2qDc6ypDmu-JSETPrhxml5BTKq-4FxW,Intermediate General coding help - Add comments to code__2_V3_B.ipynb,batch_10
https://colab.research.google.com/drive/1dHMb09zDC6UD1mwOxAF5IvbSBFS4GxAh,Intermediate Interview preparation - Debug and fix code__1_V3_B.ipynb,batch_10
https://colab.research.google.com/drive/18FfUmYUkhd2nGhXC6r108AaD98GQCpaH,Advanced Debugging and Troubleshooting - Debug error trace__2_V3_B.ipynb,batch_10
https://colab.research.google.com/drive/1KsydGE6hbo9Xvy0LzNNkY0T_zdwmz1wJ,Intermediate General coding help - Explain complex code snippets__1_V3_B.ipynb,batch_10
https://colab.research.google.com/drive/1b-n0INTFwF-R4NVWx5l8b077yLOCgZaG,Expert Interview preparation - Explain areas where people usually make mistakes__3_V3_B.ipynb,batch_10
https://colab.research.google.com/drive/14JlG7rNdDZcgTYIDwrMT4kj3dtfMXZk7,Beginner Interview preparation - Explain areas where people usually make mistakes__1_V3_B.ipynb,batch_10
https://colab.research.google.com/drive/1ft5WQnhPfH_4S-y_qiJ99me8LDe_XC_g,Expert Interview preparation - System Design rounds__1_V3_B.ipynb,batch_10
https://colab.research.google.com/drive/1Xs8GrwZGCwcoFlEIs0ZMBzBq7c4csZzU,Intermediate General coding help - Refactor code__1_V3_B.ipynb,batch_10
https://colab.research.google.com/drive/1pp_FvvWN0Kdy31btm4aGJWwsqkqsksjR,Advanced Interview preparation - Explain areas where people usually make mistakes__2_V3_B.ipynb,batch_10
https://colab.research.google.com/drive/1n6Wc2eNxQ6T2EGBxQQ8t2foJFsUr6Npr,Beginner Interview preparation - Proactively ask follow up questions__2_V3_B.ipynb,batch_10
https://colab.research.google.com/drive/1rcOAFG4JOUplm6ijOuT_86OnqjldWL3P,Beginner Basic scripting - Write simple code in Javascript__2_V3_B.ipynb,batch_10
https://colab.research.google.com/drive/1gV-MVcfx5R5pAl0TjerJHv-e5hyDFKLK,Beginner General coding help - Refactor code__0_V3_B.ipynb,batch_10
https://colab.research.google.com/drive/1uCivn_2FJ9NJ-xcx222pRm2hV-IBrrNu,Beginner General coding help - Rewrite code using better formatting - best practises__1_V3_B.ipynb,batch_10
https://colab.research.google.com/drive/1fcnIOvboOumFgJqub2d-7LfyQ5NeQASt,Intermediate General coding help - Do a code review__1_V3_B.ipynb,batch_10
https://colab.research.google.com/drive/1kE2dGxGkFOS66Fr38rfimKgfhw4JRjm8,Advanced Interview preparation - Debug and fix code__0_V3_B.ipynb,batch_10
https://colab.research.google.com/drive/14T-CDTnHBSsbvbZNh0x1w83egQYoUCyq,First Timer General coding help - Refactor code__0_V3_B.ipynb,batch_10
https://colab.research.google.com/drive/1-3m21pkdfN75RINY1zMQVak-DpDQecr5,Intermediate General coding help - Do a code review__2_V3_B.ipynb,batch_10
https://colab.research.google.com/drive/1oYmKRzthlO4v3tXzRVV9PXmiwRiEBYRI,Beginner Learning - Learn to use some tool - infra__0_V3_B.ipynb,batch_10
https://colab.research.google.com/drive/1X92BWo1RJp3ZLj7lEJbnMjlzEldRtXLV,Expert Write unit test - Explain code with comments__2_V3_B.ipynb,batch_10
https://colab.research.google.com/drive/1kCwWkuRyZdLS_tOt4wxkfaAm9GAgTr4c,Intermediate Interview preparation - Explain areas where people usually make mistakes__1_V3_B.ipynb,batch_10
https://colab.research.google.com/drive/1BTK0sjBE6-Bj-kzuTlNYyFlEHNk2EbHx,Intermediate Debugging and Troubleshooting - Debug error trace__0_V3_B.ipynb,batch_10
https://colab.research.google.com/drive/1sKpdoc7-dT9yUx95FuCDQx6J1e5-VIsg,Advanced General coding help - Rewrite code using better formatting - best practises__1_V3_B.ipynb,batch_10
https://colab.research.google.com/drive/1aIreOP2gUFgYNn8OwjNy5rnYVa0Y4RkJ,Expert Debugging and Troubleshooting - Debug error trace__3_V3_B.ipynb,batch_10
https://colab.research.google.com/drive/1e_ics4DEeS7uoEbJtkRwox97Yz0Btxzh,Beginner General coding help - Do a code review__2_V3_B.ipynb,batch_10
https://colab.research.google.com/drive/1dpoL8bKZ2emD4sxqlpExFIoGOazdzrG1,Advanced General coding help - Rewrite code using better formatting - best practises__2_V3_B.ipynb,batch_10
https://colab.research.google.com/drive/18BQNQwMVZ8hKQsZNRf6GQoNGjedJoj9o,Intermediate Learning - Learn to program__1_V3_B.ipynb,batch_10
https://colab.research.google.com/drive/19kCoq03nAgapHPFUsk6IltNQgL0UPnSh,Beginner Interview preparation - Explain alternative solutions and trade offs__1_V3_B.ipynb,batch_10
https://colab.research.google.com/drive/1ReKgwvapn2P1AnXHTIeUdTxlRXF81I-u,Advanced Interview preparation - Explain areas where people usually make mistakes__3_V3_B.ipynb,batch_10
https://colab.research.google.com/drive/1ByHqfoM21bdtEwEZMGOQwOeZ_W_sBKzZ,Expert Interview preparation - Proactively ask follow up questions__0_V3_B.ipynb,batch_10
https://colab.research.google.com/drive/1VjDTprdYCFz7ZU9xvdGcCmurAW2kyCTq,Expert Write unit test - Explain code with comments__3_V3_B.ipynb,batch_10
https://colab.research.google.com/drive/1ExCZ3UBT0N1XMuuzhLuImbxxUNCygypc,Advanced Interview preparation - Debug and fix code__1_V3_B.ipynb,batch_10
https://colab.research.google.com/drive/1nfyeWOOq8ki1LlZoJfeeZcbblvatyqk7,Advanced Interview preparation - Explain areas where people usually make mistakes__4_V3_B.ipynb,batch_10
https://colab.research.google.com/drive/1juLfLgKnKVOuNjaZk0pwX06Z3GKBnd8H,Expert Debugging and Troubleshooting - Debug error trace__4_V3_B.ipynb,batch_10
https://colab.research.google.com/drive/1lkBWV0B3NpsrxFkPf7flkZqU2ZJyq9nn,First Timer Interview preparation - System Design rounds__1_V3_B.ipynb,batch_10
https://colab.research.google.com/drive/1L7U80n3Cxf3fAPRD7uOKuxjHfpA9Ia9p,First Timer Interview preparation - Debug and fix code__1_V3_B.ipynb,batch_10
https://colab.research.google.com/drive/1kPfc8iYMrrquUjiQDYnVCB0jhMYNW64h,Advanced Write unit test - Explain code with comments__2_V3_B.ipynb,batch_10
https://colab.research.google.com/drive/1DcxDOh2WZAti-ubI_H_lMPHzg1pbp-4q,Beginner Learning - Learn to program__1_V3_B.ipynb,batch_10
https://colab.research.google.com/drive/1eNRKhuDvnvdHX7wvuLRWTGzaDrltt3aM,Advanced Interview preparation - System Design rounds__2_V3_B.ipynb,batch_10
https://colab.research.google.com/drive/1WL0JNYObXdJGl-ZnikryUNNEspH1--mX,Beginner Learning - Learn to use some tool - infra__1_V3_B.ipynb,batch_10
https://colab.research.google.com/drive/1a8WKK-RMyJ94tT-ZQzS6tMBEBH6IBIBO,Advanced Interview preparation - Explain alternative solutions and trade offs__0_V3_B.ipynb,batch_10
https://colab.research.google.com/drive/1Xre_FwyOf9nmoLv0PaPpcRF502D16izu,Intermediate Learning - Learn to use some tool - infra__2_V3_B.ipynb,batch_10
https://colab.research.google.com/drive/1q90ZvjhxgUx7wdq2scPmDkNmNnDMcpsL,Expert General coding help - Refactor code__3_V3_B.ipynb,batch_10
https://colab.research.google.com/drive/1pqagdxUDyXfjdTyzJSmh-fqRFwidfe2A,Beginner Basic scripting - Write simple code in Javascript__3_V3_B.ipynb,batch_10
https://colab.research.google.com/drive/1bjex8wsLV8AnPAnCOHSfSVE0YKpKfUtA,Advanced General coding help - Do a code review__3_V3_B.ipynb,batch_10
https://colab.research.google.com/drive/1Toa7bxV78IwHrB5G3Xt3kl1U87BZ02dK,Intermediate Learning - Learn to program__2_V3_B.ipynb,batch_10
https://colab.research.google.com/drive/1_YuKnUFdP-mmh2ICduvs3Ns2EBXaREvJ,Advanced Debugging and Troubleshooting - Debug error trace__3_V3_B.ipynb,batch_10
https://colab.research.google.com/drive/1ZvLh3H3LsF-XCwhHwvFzldeX0aAzUeyq,Intermediate Interview preparation - Proactively ask follow up questions__2_V3_B.ipynb,batch_10
https://colab.research.google.com/drive/1Czc_PLKJecjT0XaZm6YgaUaaBnbiSumV,Intermediate Learning - Learn to use some tool - infra__3_V3_B.ipynb,batch_10
https://colab.research.google.com/drive/1lr3BQl0Ms3J7r7vMWOb4N-Fo2OvEs_-F,Advanced Interview preparation - Explain the problem step by step__0_V3_B.ipynb,batch_10
https://colab.research.google.com/drive/1utN84g8lAGkXeUaDCg8TZJvjZOpdilX_,Advanced General coding help - Add comments to code__1_V3_B.ipynb,batch_10
https://colab.research.google.com/drive/1VgF2dy8-OZORKMPOpNcysOZ3rDR6YT33,Intermediate Interview preparation - Explain alternative solutions and trade offs__1_V3_B.ipynb,batch_10
https://colab.research.google.com/drive/1G0zIQONFYidr7uc6Gud6D26uCNecqYMA,Expert Interview preparation - Explain areas where people usually make mistakes__4_V3_B.ipynb,batch_10
https://colab.research.google.com/drive/1X0XyFvoRyxx8hJjp1luAXc5kvUgggH9P,Beginner Interview preparation - Proactively ask follow up questions__3_V3_B.ipynb,batch_10
https://colab.research.google.com/drive/1XuGobVjFZc9U8Iso8wFtLm8lnE7fEzgh,Expert General coding help - Rewrite code using better formatting - best practises__1_V3_B.ipynb,batch_10
https://colab.research.google.com/drive/19Uo4cTjMQv7VKW2F1TW8j4OaEH4r4623,Advanced General coding help - Do a code review__4_V3_B.ipynb,batch_10
https://colab.research.google.com/drive/10J3YdUR3HuefJ5kLQrXibSqbXw8vgIS5,Advanced Interview preparation - Debug and fix code__2_V3_B.ipynb,batch_10
https://colab.research.google.com/drive/1C6MNS8YwK0VkSZLZbAJcmtZ0shUSoSZn,Advanced General coding help - Add comments to code__2_V3_B.ipynb,batch_10
https://colab.research.google.com/drive/1WxuE5XxHYTimMuKP0SjiNmAbqdbJeJWS,Expert Interview preparation - User asks AI help to take an Interview. AI takes an interview__0_V3_B.ipynb,batch_10
https://colab.research.google.com/drive/105In-nr-pwe4_dg70o_Y-_WuwejQiogN,Beginner General coding help - Add comments to code__0_V3_B.ipynb,batch_10
https://colab.research.google.com/drive/1RHzqVj9QSb0b2xfBnIR8Nx06HaxtAkGB,Intermediate Debugging and Troubleshooting - Debug error trace__1_V3_B.ipynb,batch_10
https://colab.research.google.com/drive/1uk3r4PXM9h8Sp2MfBGVeFI9n6iJoH5-_,Beginner Interview preparation - Explain alternative solutions and trade offs__2_V3_B.ipynb,batch_10
https://colab.research.google.com/drive/1eoH-ChRkFLp4QrT6PXXUz6mGNHN1OlGT,Advanced Interview preparation - User asks AI help to take an Interview. AI takes an interview__2_V3_B.ipynb,batch_10
https://colab.research.google.com/drive/1wd5UcWUNZUxeusBGbXtvqupeDJcBfXbW,First Timer Learning - Learn to program__0_V3_B.ipynb,batch_10
https://colab.research.google.com/drive/1mFDigqcJChx3XCsqbhp3ndRggJLZoEpD,First Timer Learning - Learn to use some tool - infra__0_V3_B.ipynb,batch_10
https://colab.research.google.com/drive/15OaKJf1RBmNB49EVBKGleOeyOdypGHTh,First Timer Interview preparation - User asks AI help to take an Interview. AI takes an interview__1_V3_B.ipynb,batch_10
https://colab.research.google.com/drive/1vfoCoGizJRN1gp8S5sFZB9AVrzpETFq8,Advanced Interview preparation - Explain areas where people usually make mistakes__5_V3_B.ipynb,batch_10
https://colab.research.google.com/drive/1OlT7bjV5FOCOj6fbS4DBHlBmTW89LF8N,Intermediate General coding help - Add comments to code__3_V3_B.ipynb,batch_10
https://colab.research.google.com/drive/1j8vQ3tQ83A38ZbbACXpQa76_RDpqcAAr,Intermediate Learning - Learn to use some tool - infra__4_V3_B.ipynb,batch_10
https://colab.research.google.com/drive/11-_SjtKSBdy8vugDWJE3HICaazvruvAR,First Timer Basic scripting - Write simple code in Javascript__2_V3_B.ipynb,batch_10
https://colab.research.google.com/drive/1Td8RjNMOuje_s-ubMzg7sK3_dHnZ1Gkx,Expert General coding help - Do a code review__0_V3_B.ipynb,batch_10
https://colab.research.google.com/drive/1sPQPPFJX1sYNei4OSp9WO3eL-Izw81T9,Beginner Learning - Learn to program__2_V3_B.ipynb,batch_10
https://colab.research.google.com/drive/1hl661ZBr2GXRXiUgL87qV6qOvybdQIfl,Beginner Interview preparation - Explain areas where people usually make mistakes__2_V3_B.ipynb,batch_10
https://colab.research.google.com/drive/1mJd5hnoCbHjk4klfm6042jBJrh6licsV,Advanced Debugging and Troubleshooting - Debug error trace__4_V3_B.ipynb,batch_10
https://colab.research.google.com/drive/1VsuXf5wc8QbCanV_boYVy_frBnKTB8iH,Beginner General coding help - Refactor code__1_V3_B.ipynb,batch_10
https://colab.research.google.com/drive/1WeAj6Xa5q-CRpbkcrd5e3vkkiIbFYcwF,Intermediate General coding help - Explain complex code snippets__2_V3_B.ipynb,batch_10
https://colab.research.google.com/drive/1VenbBrL4HdMrbwAUrWn1D8BTT2ogXePr,Intermediate General coding help - Rewrite code using better formatting - best practises__0_V3_B.ipynb,batch_10
https://colab.research.google.com/drive/1pgH5iBFScrVDD0aQEkmFifu0Klzh9q5w,Expert Interview preparation - Explain alternative solutions and trade offs__0_V3_B.ipynb,batch_10
https://colab.research.google.com/drive/1Fa5WiAphkT18qHYX5-f1hE-vwtcCknue,Expert Interview preparation - Debug and fix code__1_V3_B.ipynb,batch_10
https://colab.research.google.com/drive/1TbGZiAvQh38jFXel1LjlodeFNQlbLmjj,Beginner Interview preparation - Proactively ask follow up questions__4_V3_B.ipynb,batch_10
https://colab.research.google.com/drive/17fDo7YxDwdHEOlDtk1fZkG5nuYTRUvlu,Expert Write unit test - Explain code with comments__4_V3_B.ipynb,batch_10
https://colab.research.google.com/drive/16d0LvJnwbyDUw-SkXAa6oHZZXjDY6pmY,Expert General coding help - Refactor code__4_V3_B.ipynb,batch_10
https://colab.research.google.com/drive/151hfl6oi52f6CQia7Grn1Nybm1lsyx2V,Advanced Interview preparation - Explain areas where people usually make mistakes__6_V3_B.ipynb,batch_10
https://colab.research.google.com/drive/1Mn-lKlETiXYcLfy3zCak-uDZriXqaUU7,Beginner Interview preparation - Proactively ask follow up questions__5_V3_B.ipynb,batch_10
https://colab.research.google.com/drive/1BlppXFLuF1TTViyaCW9QcW7ugpWwtRg8,Advanced Interview preparation - Explain areas where people usually make mistakes__7_V3_B.ipynb,batch_10
https://colab.research.google.com/drive/1a7IoUpBY_RKFyZ8YN9y6llHxi05ojagE,Intermediate Interview preparation - Explain the problem step by step__0_V3_B.ipynb,batch_10
https://colab.research.google.com/drive/1IdJ2I8kW9Efdq7A5JF_d9npUwkNXqbQx,Beginner General coding help - Refactor code__2_V3_B.ipynb,batch_10
https://colab.research.google.com/drive/1B0zRnj3deoLiMvy93_sp4_uAqwjzOHm3,Expert Interview preparation - System Design rounds__2_V3_B.ipynb,batch_10
https://colab.research.google.com/drive/1p3jua5dxOwF6HgHzMhsVVJyHjvxF1PD9,Expert Write unit test - Explain code with comments__5_V3_B.ipynb,batch_10
https://colab.research.google.com/drive/1teNxJKhUWcGIlA57yPOmXKI9UrgwaHOv,Advanced Interview preparation - System Design rounds__3_V3_B.ipynb,batch_10
https://colab.research.google.com/drive/1DhZMsEcAwnCJM24B-ppUa1sdW3-4hT7W,Intermediate Learning - Learn to program__3_V3_B.ipynb,batch_10
https://colab.research.google.com/drive/1sr33euLaNSX57xs83oUmQdrozZdk6H0v,First Timer Interview preparation - Explain areas where people usually make mistakes__0_V3_B.ipynb,batch_10
https://colab.research.google.com/drive/1KMfNlZM2buWZ0aZeNCYPLzKPBTgkDAw1,Intermediate Interview preparation - Proactively ask follow up questions__3_V3_B.ipynb,batch_10
https://colab.research.google.com/drive/1YmZec-N2bR5NUdfe_WQmlWdMuuVlL0uJ,Expert General coding help - Add comments to code__1_V3_B.ipynb,batch_10
https://colab.research.google.com/drive/1O1PDDhW6hee4TNbgmTrJoepedRES1LH4,Advanced Write unit test - Explain code with comments__3_V3_B.ipynb,batch_10
https://colab.research.google.com/drive/15bmpr9tyfRAHfc749ldyslRezdbnG2Qk,Expert Interview preparation - Explain alternative solutions and trade offs__1_V3_B.ipynb,batch_10
https://colab.research.google.com/drive/1Luh2JhVBDr6SgEypOCUWrqsUkaiY7_6J,Expert General coding help - Do a code review__1_V3_B.ipynb,batch_10
https://colab.research.google.com/drive/1jtebR7BHXe9A13uIdh57yPo5SXGAHUSX,Intermediate Interview preparation - System Design rounds__0_V3_B.ipynb,batch_10
https://colab.research.google.com/drive/1Zgs7ZTIxjFq0ELBbxQowWxdc3WAKfXPU,Beginner Learning - Learn to use some tool - infra__2_V3_B.ipynb,batch_10
https://colab.research.google.com/drive/1EviXmhcQZcaQBrGsyF2MZKSMxFaiXE0_,Beginner General coding help - Refactor code__3_V3_B.ipynb,batch_10
https://colab.research.google.com/drive/1T1PchK2VG9gzU3l0bZ847CGrEK48W_ad,Beginner General coding help - Add comments to code__1_V3_B.ipynb,batch_10
https://colab.research.google.com/drive/1PIsqYcbtgIs1vy6slU2rFspVL3xKOlew,Beginner Write unit test - Explain code with comments__1_V3_B.ipynb,batch_10
https://colab.research.google.com/drive/15kBTK-OjNespsDlaAn5rzukjH6SCK17u,Expert Debugging and Troubleshooting - Debug error trace__5_V3_B.ipynb,batch_10
https://colab.research.google.com/drive/1AVCEYOEQC3VEP3j177SMCq2YgV6EYUhW,First Timer Learning - Learn to program__1_V3_B.ipynb,batch_10
https://colab.research.google.com/drive/1OdsF7s6qDyz1kbmVbv0LsLnsgwKnlm33,Advanced Interview preparation - System Design rounds__4_V3_B.ipynb,batch_10
https://colab.research.google.com/drive/1GKl2CH6AbElOt2_sevjeTXGEL5w23gJX,Beginner Write unit test - Explain code with comments__2_V3_B.ipynb,batch_10
https://colab.research.google.com/drive/1jdTQROH76CMixcs1h7gyEvyTW5oZRDi0,Expert Interview preparation - Explain the problem step by step__1_V3_B.ipynb,batch_10
https://colab.research.google.com/drive/1Fp_v-qAdPxApMZplhRFCsxz-OnpB5T7Y,Beginner Interview preparation - Explain areas where people usually make mistakes__3_V3_B.ipynb,batch_10
https://colab.research.google.com/drive/1p9N0BICiq9f9Jn7lEghfMrQk5AXrow8g,Intermediate Learning - Learn to use some tool - infra__5_V3_B.ipynb,batch_10
https://colab.research.google.com/drive/1_8RH44TbCXspmMR5mZLG2j9Zlt2FQvSh,Intermediate General coding help - Explain complex code snippets__3_V3_B.ipynb,batch_10
https://colab.research.google.com/drive/17oJO06_VKMz6yss19NdtXHLOK81x1TZl,Intermediate General coding help - Do a code review__3_V3_B.ipynb,batch_10
https://colab.research.google.com/drive/1VHH7fJnR7wdh15Q_rqtX2_mdk2mubc1l,Advanced Interview preparation - Explain alternative solutions and trade offs__1_V3_B.ipynb,batch_10
https://colab.research.google.com/drive/1i6N3DzeZJxZVfngRwLq1_7GBtH4xYXid,Intermediate General coding help - Add comments to code__4_V3_B.ipynb,batch_10
https://colab.research.google.com/drive/1Jm1XwLqe6mqq5Dvh2sVA6lJ7IxcZzV7q,Intermediate Interview preparation - Debug and fix code__2_V3_B.ipynb,batch_10
https://colab.research.google.com/drive/1WNHVASyqDVc6hrfJ7R-HOt22Kp1IS4pw,Expert General coding help - Rewrite code using better formatting - best practises__2_V3_B.ipynb,batch_10
https://colab.research.google.com/drive/1IJPk4jj8_4jEwzGao8jQdMzb4Ry--cdN,Intermediate General coding help - Rewrite code using better formatting - best practises__1_V3_B.ipynb,batch_10
https://colab.research.google.com/drive/1K9aPQHeO7Wcd9VkUqTd2DCqfGVJMnLgF,Expert General coding help - Refactor code__5_V3_B.ipynb,batch_10
https://colab.research.google.com/drive/1jY_OIzdr7ogNjjlRdaYo17pwmxv_awGp,First Timer General coding help - Rewrite code using better formatting - best practises__0_V3_B.ipynb,batch_10
https://colab.research.google.com/drive/1WzqhfOnzU1_ZeHS8fs-0z-MRnnR0K6k7,Advanced General coding help - Add comments to code__3_V3_B.ipynb,batch_10
https://colab.research.google.com/drive/1bakicusDU53aBXnaXx-GHJONCLoMVODy,Intermediate General coding help - Explain complex code snippets__4_V3_B.ipynb,batch_10
https://colab.research.google.com/drive/10sHncxCNyOpecP6xZucIxs5-nvdc2TGS,Advanced Learning - Learn to program__0_V3_B.ipynb,batch_10
https://colab.research.google.com/drive/1ErRRDAgr0Hge9fYjEkN3fnJtpZ_ingg8,Advanced Interview preparation - Proactively ask follow up questions__1_V3_B.ipynb,batch_10
https://colab.research.google.com/drive/1SrkueBHvkSM2L1nztZvIZAviUeFnDfsv,Advanced Interview preparation - Explain alternative solutions and trade offs__2_V3_B.ipynb,batch_10
https://colab.research.google.com/drive/1cD7KZkbB5r3WJljY-rWTYt9D_slqxclb,Advanced Interview preparation - Explain areas where people usually make mistakes__8_V3_B.ipynb,batch_10
https://colab.research.google.com/drive/1nqILLIXDGT-gcfV6gTNO4LCoEkpzrPrZ,Expert Interview preparation - User asks AI help to take an Interview. AI takes an interview__1_V3_B.ipynb,batch_10
https://colab.research.google.com/drive/1hLUuZPoRh3iS090KCpNPNkEvn15RMpMz,Expert Interview preparation - Explain alternative solutions and trade offs__2_V3_B.ipynb,batch_10
https://colab.research.google.com/drive/1JB2qXRGRnqoZWShuSMhy_vhUhA_1F4_j,Beginner General coding help - Refactor code__4_V3_B.ipynb,batch_10
https://colab.research.google.com/drive/1q7rPv6mCfZMDsCjinwaHkgP99Joru9qr,First Timer Interview preparation - Explain alternative solutions and trade offs__1_V3_B.ipynb,batch_10
https://colab.research.google.com/drive/1oJhXsRSJJRgHKhoEJvX8CysHXiLKl9Vb,Advanced Interview preparation - User asks AI help to take an Interview. AI takes an interview__3_V3_B.ipynb,batch_10
https://colab.research.google.com/drive/1iOofj4DTJ9LztjHax7FdDe8PyBR-hBT9,First Timer Interview preparation - Proactively ask follow up questions__1_V3_B.ipynb,batch_10
https://colab.research.google.com/drive/1Z5_ibjOigNDEoCLqyXrT6UdH_7fMh6qH,Expert Interview preparation - User asks AI help to take an Interview. AI takes an interview__2_V3_B.ipynb,batch_10
https://colab.research.google.com/drive/1-asNmUN16VfCg_5ntY4nSq4FhhhhNTr1,Beginner Learning - Learn to use some tool - infra__3_V3_B.ipynb,batch_10
https://colab.research.google.com/drive/1SLK9zZDEToteg8loI9KoMVKpvMEbUszJ,Expert General coding help - Refactor code__6_V3_B.ipynb,batch_10
https://colab.research.google.com/drive/1qIWVw0etbrn2tikJTyXOhmpM5FC00soz,Advanced Interview preparation - Explain areas where people usually make mistakes__9_V3_B.ipynb,batch_10
https://colab.research.google.com/drive/1_psNjHqauQJjMM2ZEYNffZwp7YB6MQve,Intermediate General coding help - Explain complex code snippets__5_V3_B.ipynb,batch_10
https://colab.research.google.com/drive/1G7SH8b7N1yg6zc9_ixEdx2dJTAgAUm3Q,Intermediate Interview preparation - Explain the problem step by step__1_V3_B.ipynb,batch_10
https://colab.research.google.com/drive/1YsMR5zQFVe9q4Y5sD3KysdXsrsGsfhOR,Beginner Debugging and Troubleshooting - Debug error trace__1_V3_B.ipynb,batch_10
https://colab.research.google.com/drive/1suYNTqJPLAyzXZfmPdxNFrHQ5AkY_IBq,First Timer Learning - Learn to program__2_V3_B.ipynb,batch_10
https://colab.research.google.com/drive/1a4OU-tBWzwTyutT7CwdvaVjXUxk86XOP,Advanced Interview preparation - Explain areas where people usually make mistakes__10_V3_B.ipynb,batch_10
https://colab.research.google.com/drive/1sLT0GJLjX4jfLVBpQPUSYvCJENwgbu_S,Advanced Interview preparation - Explain alternative solutions and trade offs__3_V3_B.ipynb,batch_10
https://colab.research.google.com/drive/1WLnVgwgCILGHyDhPHDe5HFHM8VioWuYy,Advanced Interview preparation - System Design rounds__5_V3_B.ipynb,batch_10
https://colab.research.google.com/drive/1MGcSVg7QPy3Ck6qAF8lszsLcW4HWOIVN,First Timer Basic scripting - Write simple code in Javascript__3_V3_B.ipynb,batch_10
https://colab.research.google.com/drive/1hHWE8urbl4NLq9Ka1SjXOVuq0xRn6_yM,Intermediate Interview preparation - Explain areas where people usually make mistakes__2_V3_B.ipynb,batch_10
https://colab.research.google.com/drive/1Xku-xlyGsIMUwe-4Poa_ljJa8gzz8Ayj,Expert Interview preparation - Proactively ask follow up questions__1_V3_B.ipynb,batch_10
https://colab.research.google.com/drive/1tdmEJezmGhXlpF7nvx6LrJp9EIbffwNI,Intermediate Debugging and Troubleshooting - Debug error trace__2_V3_B.ipynb,batch_10
https://colab.research.google.com/drive/1eJb5jyiPAxktL1aA2NPCbAU05GP9b1mF,Expert Interview preparation - User asks AI help to take an Interview. AI takes an interview__3_V3_B.ipynb,batch_10
https://colab.research.google.com/drive/1pqoVNd8t4rbbU7SToidtxaz_ZmwPsT3J,Beginner Basic scripting - Write simple code in Javascript__4_V3_B.ipynb,batch_10
https://colab.research.google.com/drive/1cpGHd0z8RtVY6G3q4rbx4dSyQlqjAxDG,Beginner Write unit test - Explain code with comments__3_V3_B.ipynb,batch_10
https://colab.research.google.com/drive/1VaDnyfIJVvfJofyFWG0rcPCeUmoYekTP,Beginner Learning - Learn to program__3_V3_B.ipynb,batch_10
https://colab.research.google.com/drive/1EcCzLTyqxj3Uj-gH91u-Mg71SX8q5k2H,Advanced Interview preparation - Proactively ask follow up questions__2_V3_B.ipynb,batch_10
https://colab.research.google.com/drive/1yrs_XDc9pf1biok-cdi6CTxSjS932xtI,First Timer Interview preparation - Explain areas where people usually make mistakes__1_V3_B.ipynb,batch_10
https://colab.research.google.com/drive/1pzZdeI7EVqQ7f2meu-7ZpM6Vb8Wbh_GW,First Timer Basic scripting - Write simple code in Javascript__4_V3_B.ipynb,batch_10
https://colab.research.google.com/drive/1GyNVV4clhlmL2ebW6fptmp92gPORMk_u,First Timer Learning - Learn to program__3_V3_B.ipynb,batch_10
https://colab.research.google.com/drive/1S5wmEPNdML4N5Lr62Tf0wXFyHAHTCk96,Advanced Interview preparation - Debug and fix code__3_V3_B.ipynb,batch_10
https://colab.research.google.com/drive/1ED3e5Ek_L0KXSS6BUhMQwXq-Uyh0HHc7,Expert General coding help - Add comments to code__2_V3_B.ipynb,batch_10
https://colab.research.google.com/drive/1iYtOA1CPXCBgLPfGsyR_C9fWdxgSd6FC,Advanced Write unit test - Explain code with comments__4_V3_B.ipynb,batch_10
https://colab.research.google.com/drive/1tCtLBcqOeljZPMnuVthFGJQ3mnOwLxvQ,Advanced Learning - Learn to use some tool - infra__1_V3_B.ipynb,batch_10
https://colab.research.google.com/drive/1wCkYw1AlHoycbEuV2VxD2b3x9hdj3leK,Intermediate Debugging and Troubleshooting - Debug error trace__3_V3_B.ipynb,batch_10
https://colab.research.google.com/drive/1wpYwRkSm9FcMWOgTU31NYVsyeQwWELcU,First Timer Interview preparation - Debug and fix code__2_V3_B.ipynb,batch_10
https://colab.research.google.com/drive/19eSgYXI7Q0AkSW3K0WSfKVo5ufksCoSM,Beginner Basic scripting - Write simple code in Javascript__5_V3_B.ipynb,batch_10
https://colab.research.google.com/drive/1A17pKUiBjqoexRRwox9qM1SookswkZDz,First Timer Learning - Learn to use some tool - infra__1_V3_B.ipynb,batch_10
https://colab.research.google.com/drive/1f9f_tgiLR0P1x90K-3a1jGcts_qVI7dH,Intermediate Interview preparation - System Design rounds__1_V3_B.ipynb,batch_10
https://colab.research.google.com/drive/13X4d5E_uKpDSk7FZwpUBjiMu-_MTN-py,Advanced General coding help - Refactor code__1_V3_B.ipynb,batch_10
https://colab.research.google.com/drive/16VC1STJZ9An6zjstY-nE67HKwEsyIvoB,Expert Debugging and Troubleshooting - Debug error trace__6_V3_B.ipynb,batch_10
https://colab.research.google.com/drive/10pDuX8nOUYEdaSCeV63u0OxojWRrLjki,Beginner Learning - Learn to program__4_V3_B.ipynb,batch_10
https://colab.research.google.com/drive/1ZJZDiVSvu7fiJEbFnQNvk1AqxhyeC5zU,Expert Interview preparation - Explain areas where people usually make mistakes__5_V3_B.ipynb,batch_10
https://colab.research.google.com/drive/1jdoAm1JwwNGQLgfrR7zTMhp4r3ZgGkz7,Beginner Interview preparation - Explain the problem step by step__0_V3_B.ipynb,batch_10
https://colab.research.google.com/drive/1zM01Nw0_jUl90YIXGs3iupWYoI8DSGvo,Intermediate Interview preparation - Proactively ask follow up questions__4_V3_B.ipynb,batch_10
https://colab.research.google.com/drive/1DFYi0tOu_2Jr-a1b9Eiyk1MFwSyma7bu,Expert Interview preparation - Debug and fix code__2_V3_B.ipynb,batch_10
https://colab.research.google.com/drive/1b486BVLg88I_l_Rk0UDmxPKTZEIrn234,Advanced General coding help - Do a code review__5_V3_B.ipynb,batch_10
https://colab.research.google.com/drive/1R8u83Ilw8gVhunoLvRAY-GK2K7leOtM5,Advanced Interview preparation - Explain areas where people usually make mistakes__11_V3_B.ipynb,batch_10
https://colab.research.google.com/drive/10ek6LK5zbScQsnvMb4Gz7ClRvsbWLvBA,Advanced General coding help - Do a code review__6_V3_B.ipynb,batch_10
https://colab.research.google.com/drive/1DDTuemu20NywUwFpvQo5WUIur1rL9zBM,Advanced General coding help - Refactor code__2_V3_B.ipynb,batch_10
https://colab.research.google.com/drive/1inyusr1u7H8tKgpOQPg3aRcAPUkahNmR,Expert Interview preparation - Explain areas where people usually make mistakes__6_V3_B.ipynb,batch_10
https://colab.research.google.com/drive/1pOJAXEwCOFBsUQTYTWfCQ8MFXiLMjbUj,Intermediate Debugging and Troubleshooting - Debug error trace__4_V3_B.ipynb,batch_10
https://colab.research.google.com/drive/1PBnwfZCb2UlZcNh1shNcv9K3I61IXIQe,Intermediate Interview preparation - Explain the problem step by step__2_V3_B.ipynb,batch_10
https://colab.research.google.com/drive/1wzZTiL30MnvMuzjBxImcCjaZv6DZHcvD,Expert General coding help - Rewrite code using better formatting - best practises__3_V3_B.ipynb,batch_10
https://colab.research.google.com/drive/1Cy52lwwBcOpIzBDyWHbosaLFjmDahfsM,Intermediate Debugging and Troubleshooting - Debug error trace__5_V3_B.ipynb,batch_10
https://colab.research.google.com/drive/1fjn2IQd1fZAkd1RvfGCKXtFeW_1EDo03,Advanced Interview preparation - Explain the problem step by step__1_V3_B.ipynb,batch_10
https://colab.research.google.com/drive/1XJwLA84_RSOLha0R13fB8hNWqOWqoH2Z,First Timer Learning - Learn to program__4_V3_B.ipynb,batch_10
https://colab.research.google.com/drive/1vcajv2eikbq8_4RkFL7E5iOAQquVClCz,Intermediate Learning - Learn to use some tool - infra__6_V3_B.ipynb,batch_10
https://colab.research.google.com/drive/1dYyOe0zRTe4dFYb4x2XEgpfHdSzocyiL,Expert General coding help - Rewrite code using better formatting - best practises__4_V3_B.ipynb,batch_10
https://colab.research.google.com/drive/1xnBaar4l2ebRsrLC7NUsrFeNn297pneT,Advanced Interview preparation - Explain alternative solutions and trade offs__4_V3_B.ipynb,batch_10
https://colab.research.google.com/drive/1kgEgkBlCzXNVoBwHYLO_y2_s5yjE4T0W,First Timer Interview preparation - System Design rounds__2_V3_B.ipynb,batch_10
https://colab.research.google.com/drive/1sXFr5C7h2OobP3X09aRwR6RJp1yvuv53,Advanced General coding help - Do a code review__7_V3_B.ipynb,batch_10
https://colab.research.google.com/drive/1m1W6mfunyGQ0UsngcZeZb8b3Q7NYy1sn,First Timer Basic scripting - Write simple code in Javascript__5_V3_B.ipynb,batch_10
https://colab.research.google.com/drive/1AYSl7eAfKlqmi8Y9rWtIr-VDFdayQwnk,Expert General coding help - Do a code review__2_V3_B.ipynb,batch_10
https://colab.research.google.com/drive/1ipnMhmtQEuaY8_WrUv2sNhWgK4abas-Z,First Timer Learning - Learn to use some tool - infra__2_V3_B.ipynb,batch_10
https://colab.research.google.com/drive/12U1sYi6ccbfvK8Tjpy9vDv7fAKyZ0Qx6,Advanced Interview preparation - Explain areas where people usually make mistakes__12_V3_B.ipynb,batch_10
https://colab.research.google.com/drive/1zfjpWmWW65cGbX8PwF8Chh280j_Ts8BB,Beginner General coding help - Explain complex code snippets__2_V3_B.ipynb,batch_10
https://colab.research.google.com/drive/1zhL2um6V3MRTum3uj9sQqKQ3azohCDJG,Advanced Interview preparation - Explain the problem step by step__2_V3_B.ipynb,batch_10
https://colab.research.google.com/drive/1ruXP-XcjpsergnDFc1XdS9EI7Ms8hksa,Expert Interview preparation - Explain alternative solutions and trade offs__3_V3_B.ipynb,batch_10
https://colab.research.google.com/drive/1Tj7QxCfCBFvbiejKViWXP0acBtBxYE6C,Expert General coding help - Rewrite code using better formatting - best practises__5_V3_B.ipynb,batch_10
https://colab.research.google.com/drive/1SenUHaYrhNiIorH8S_odNJsuAIWQFZIh,Intermediate Interview preparation - Explain the problem step by step__3_V3_B.ipynb,batch_10
https://colab.research.google.com/drive/17_-puXK4oxkWQz93LPxXpUyubgLCsx3I,First Timer General coding help - Do a code review__0_V3_B.ipynb,batch_10
https://colab.research.google.com/drive/1TKk3mkkE2DTJobqd7p7-jWYMxxP4ZM4F,Intermediate Learning - Learn to use some tool - infra__7_V3_B.ipynb,batch_10
https://colab.research.google.com/drive/1oDVIacCjkL5qzgrzsbNeCo1kqf1Nv3Wj,Advanced General coding help - Add comments to code__4_V3_B.ipynb,batch_10
https://colab.research.google.com/drive/15tOmh-05AsZQcMEPsYPwb5zdpSav_sTs,Expert General coding help - Write simple code in Javascript__0_V3_B.ipynb,batch_10
https://colab.research.google.com/drive/12_PqzhHgWdkmgapfvwekQcQ2CyhsUqmt,Advanced General coding help - Add comments to code__5_V3_B.ipynb,batch_10
https://colab.research.google.com/drive/1sfxMf-9hTqQ9hJ3AWRMaNP5I72kK28qI,Intermediate Interview preparation - Explain areas where people usually make mistakes__3_V3_B.ipynb,batch_10
https://colab.research.google.com/drive/1rl-_u1FSUBYb4DxKHdBkyF278_s3EJ7t,Expert General coding help - Add comments to code__3_V3_B.ipynb,batch_10
https://colab.research.google.com/drive/1aO1G2TOf07pksX8rEsArDj33CBo_ANT-,Expert Interview preparation - Explain areas where people usually make mistakes__7_V3_B.ipynb,batch_10
https://colab.research.google.com/drive/1D8TGKeyjzGf6GJ4nQrTsWN5eQY0M4Vlx,First Timer Learning - Learn to use some tool - infra__3_V3_B.ipynb,batch_10
https://colab.research.google.com/drive/1HM_yQociTd9PBEzbhWnClopzPQHD3ztG,Expert Interview preparation - Explain areas where people usually make mistakes__8_V3_B.ipynb,batch_10
https://colab.research.google.com/drive/1FcQvc9HTrfm3igC_wOIXe8g7TkXYHoBT,Expert Write unit test - Explain code with comments__6_V3_B.ipynb,batch_10
https://colab.research.google.com/drive/1za4VH_armLsEaELarpHtOPKhgAukm7pB,Intermediate Write unit test - Explain code with comments__7_V3_B.ipynb,batch_10
https://colab.research.google.com/drive/1jHqJ_iYXWHs6alcrYgicmO5Y47UnIys8,First Timer Write unit test - Explain code with comments__0_V3_B.ipynb,batch_10
https://colab.research.google.com/drive/13h1tVtSC3kjna7WsDSS68RzuMOBCbp3P,Advanced Interview preparation - Explain the problem step by step__3_V3_B.ipynb,batch_10
https://colab.research.google.com/drive/1xdvdOuy62DbhpnHm3NILK86-gbTYXU4V,Advanced General coding help - Do a code review__8_V3_B.ipynb,batch_10
https://colab.research.google.com/drive/1I6m_nkvNcaT6gXFlPuujIU5KJfPLckeN,Advanced General coding help - Add comments to code__6_V3_B.ipynb,batch_10
https://colab.research.google.com/drive/1R8MmXZV_2yv71I7gTQxVXttXO-WumOch,Intermediate Basic scripting - Write simple code in Javascript__3_V3_B.ipynb,batch_10
https://colab.research.google.com/drive/1w_7P2yXl0ykc70UEoCXkchls_4KqBtFE,Intermediate General coding help - Do a code review__4_V3_B.ipynb,batch_10
https://colab.research.google.com/drive/1CZ_zDOsPVEoBJyl0N4DBkgmZStCTR7s3,Beginner Basic scripting - Write simple code in Javascript__6_V3_B.ipynb,batch_10
https://colab.research.google.com/drive/1Kq5jscdNSyeny_NBtc1FkP8z_ntd1IOV,Advanced Interview preparation - Proactively ask follow up questions__3_V3_B.ipynb,batch_10
https://colab.research.google.com/drive/1v6GA_qkLNiits4SnlgedqkxtZubmpz_p,Intermediate General coding help - Explain complex code snippets__6_V3_B.ipynb,batch_10
https://colab.research.google.com/drive/1kxkFAVJFcW9OXFTg-kSPOyL4OBQ3wP8i,Beginner Basic scripting - Write simple code in Javascript__7_V3_B.ipynb,batch_10
https://colab.research.google.com/drive/1npbaNoSZ-6yI_JEGCJFxLWayFOLw0zdU,Intermediate Interview preparation - System Design rounds__2_V3_B.ipynb,batch_10
https://colab.research.google.com/drive/1KToVcQrMAUPCtS0SmIN3La9hK8GHKJvv,First Timer General coding help - Refactor code__1_V3_B.ipynb,batch_10
https://colab.research.google.com/drive/1Jvm4TN9Lpu_-Z7xKM94PyXM-kCWDKCZ3,Advanced Write unit test - Explain code with comments__5_V3_B.ipynb,batch_10
https://colab.research.google.com/drive/1G3a3F_GvRgJKxT5eRrPaCQavrhOIxQ8H,Advanced Learning - Learn to program__1_V3_B.ipynb,batch_10
https://colab.research.google.com/drive/1TqidJHFIJe_eGfyn2bDh0Zr2QOaj5srW,Advanced Interview preparation - User asks AI help to take an Interview. AI takes an interview__4_V3_B.ipynb,batch_10
https://colab.research.google.com/drive/1Dk5jh2aOx5Cm0JdplBU6fk8tr2e0sM7d,Beginner General coding help - Do a code review__3_V3_B.ipynb,batch_10
https://colab.research.google.com/drive/1skSYuizYBDQawBesCd1Hy6lMGuup4rG8,Intermediate General coding help - Refactor code__2_V3_B.ipynb,batch_10
https://colab.research.google.com/drive/1Qk8nvyL5Tr4pCUWJG0EsyavW9IY8NW_D,Advanced Debugging and Troubleshooting - Debug error trace__5_V3_B.ipynb,batch_10
https://colab.research.google.com/drive/1IRwIoSOThn8bIZeaJXDPUyt7ccu5ow26,Beginner Interview preparation - Debug and fix code__0_V3_B.ipynb,batch_10
https://colab.research.google.com/drive/1rfbP5tjHamPGAJpLCsSPLVklPyS2MXol,Expert Interview preparation - Explain alternative solutions and trade offs__4_V3_B.ipynb,batch_10
https://colab.research.google.com/drive/1UcPVrb34jCviQLllOtUyjBccWBtS7Gpv,Intermediate Learning - Learn to use some tool - infra__8_V3_B.ipynb,batch_10
https://colab.research.google.com/drive/1UTAAuOiDDmtMffjTVI4SAdS2n-Ohk7Fd,Expert Interview preparation - Explain areas where people usually make mistakes__9_V3_B.ipynb,batch_10
https://colab.research.google.com/drive/1xLVBv6_O-iWP2FKSC6CEHcMXCnc3W1-u,Advanced General coding help - Do a code review__9_V3_B.ipynb,batch_10
https://colab.research.google.com/drive/1OFrR7SiZTjmsBLPl6SLomPnHm5IQtMSW,Advanced General coding help - Refactor code__3_V3_B.ipynb,batch_10
https://colab.research.google.com/drive/1II6iIPFO-yAze9MRl17UEueVhCafRgOR,Beginner Learning - Learn to program__5_V3_B.ipynb,batch_10
https://colab.research.google.com/drive/1gvKWeqBRexyAPvrMqwf7UVLobCKlPus7,Advanced General coding help - Add comments to code__7_V3_B.ipynb,batch_10
https://colab.research.google.com/drive/1s0bymeVVXi_eHhGhP9MRAn5ENH9GndBK,Intermediate Interview preparation - System Design rounds__3_V3_B.ipynb,batch_10
https://colab.research.google.com/drive/17O5dW_E4ksADnyxx_ChVSLHptpOHAVve,Advanced Interview preparation - Explain the problem step by step__4_V3_B.ipynb,batch_10
https://colab.research.google.com/drive/17yuOu3lTi5DbkoOH3i6BMRbgRVzBgd_r,Advanced General coding help - Rewrite code using better formatting - best practises__3_V3_B.ipynb,batch_10
https://colab.research.google.com/drive/1jUXdx2hSiP2cgvFrJLb9u493u1M_PRtY,Expert Interview preparation - User asks AI help to take an Interview. AI takes an interview__4_V3_B.ipynb,batch_10
https://colab.research.google.com/drive/1I1pKRAzVyhk2OW_0AyLfzgiuyeI7IFkQ,Beginner Interview preparation - Explain the problem step by step__1_V3_B.ipynb,batch_10
https://colab.research.google.com/drive/1SZm10qwGRfS_NkAvjdC6-fjmus2N2i8p,Beginner General coding help - Add comments to code__2_V3_B.ipynb,batch_10
https://colab.research.google.com/drive/1IIlsHz9UWG_H6BXbEu-sohpiE5NLo99L,Expert Debugging and Troubleshooting - Debug error trace__7_V3_B.ipynb,batch_10
https://colab.research.google.com/drive/13ISeFzLpY6jIYLItiJOhHqmrGRbKGIaG,Expert General coding help - Refactor code__7_V3_B.ipynb,batch_10
https://colab.research.google.com/drive/1KcefpVY0mYR41HSQW6DM97hYbCKQ9RMd,Expert Interview preparation - System Design rounds__3_V3_B.ipynb,batch_10
https://colab.research.google.com/drive/1wz-gQsAWNc-4n5-R1mriTe0l9Uz3lu3w,Advanced General coding help - Rewrite code using better formatting - best practises__4_V3_B.ipynb,batch_10
https://colab.research.google.com/drive/1DpAccbAGHOHsdk803WfwbA4-i9YwyB-j,Advanced Interview preparation - Explain the problem step by step__5_V3_B.ipynb,batch_10
https://colab.research.google.com/drive/1Ad4rYKObKWt828qVPRH8pCcUV4t-bD1A,Beginner Learning - Learn to use some tool - infra__4_V3_B.ipynb,batch_10
https://colab.research.google.com/drive/19AhLXnnPtqmalu0hgwZRUz1tq9uOD9QY,Expert Interview preparation - System Design rounds__4_V3_B.ipynb,batch_10
https://colab.research.google.com/drive/1rn_27Fg62pHQl1tp0qXiWo1tqvfZp3-1,Intermediate General coding help - Add comments to code__5_V3_B.ipynb,batch_10
https://colab.research.google.com/drive/1gVG_EAUQXDlkB73ABI02gwO0m8OJmxFS,Advanced Interview preparation - Debug and fix code__4_V3_B.ipynb,batch_10
https://colab.research.google.com/drive/155kMK2koUydNJFxhSUHPwIha5dbeZd_f,Advanced Interview preparation - Debug and fix code__5_V3_B.ipynb,batch_10
https://colab.research.google.com/drive/1t6rT6qVtBZ-nJh-dDNReTuUAQZxwBb-H,First Timer Interview preparation - User asks AI help to take an Interview. AI takes an interview__2_V3_B.ipynb,batch_10
https://colab.research.google.com/drive/12UCrdn52hUqwLwqedBN637ezlBzdBKye,Intermediate Interview preparation - Explain alternative solutions and trade offs__2_V3_B.ipynb,batch_10
https://colab.research.google.com/drive/1KpsAnuRAYAN2VDr3NVBJ7vhWykVO68Gw,Expert General coding help - Explain complex code snippets__2_V3_B.ipynb,batch_10
https://colab.research.google.com/drive/1XiZXjSfmIaOKcgJuQuQx5c8LuB9RSNT5,Expert Interview preparation - User asks AI help to take an Interview. AI takes an interview__5_V3_B.ipynb,batch_10
https://colab.research.google.com/drive/1zqnPyAtcV4ctDxr4QvjhPNvN_Yh2cNKH,Beginner Basic scripting - Write simple code in Javascript__8_V3_B.ipynb,batch_10
https://colab.research.google.com/drive/10Z-1fSov774Lda1JP2AIELE_tMdTlVA2,First Timer Learning - Learn to program__5_V3_B.ipynb,batch_10
https://colab.research.google.com/drive/1ah8qagjyGa99QhetVHvNW686TCuIcdO6,Intermediate Learning - Learn to use some tool - infra__9_V3_B.ipynb,batch_10
https://colab.research.google.com/drive/1kHHfWtQlQ-J5rPw8dk28rc6S4-L_uBsF,First Timer General coding help - Refactor code__2_V3_B.ipynb,batch_10
https://colab.research.google.com/drive/1EsveQ8cwIicB0_kdK11Bt7b77dvK_cuz,Expert General coding help - Explain complex code snippets__3_V3_B.ipynb,batch_10
https://colab.research.google.com/drive/1u_zEP90W14yy3Zi-Pao6-1oL_Tg9JCfn,Expert Interview preparation - System Design rounds__5_V3_B.ipynb,batch_10
https://colab.research.google.com/drive/1MaBT1ZgGCSfRGzxPtdoqVWDL3rWDcCH8,Advanced Interview preparation - Explain alternative solutions and trade offs__5_V3_B.ipynb,batch_10
https://colab.research.google.com/drive/1pwrj_DrrDgckh6_ziL5eaJxgAW6vFCRF,Beginner Basic scripting - Write simple code in Javascript__9_V3_B.ipynb,batch_10
https://colab.research.google.com/drive/1D7Mx2kGWZMgrAhyB88bvM7AKYkCK0OvO,First Timer Learning - Learn to program__6_V3_B.ipynb,batch_10
https://colab.research.google.com/drive/1pOvT4dJt9CMu4jEDMvMIj12ynCTn59Sv,Advanced Interview preparation - Explain alternative solutions and trade offs__6_V3_B.ipynb,batch_10
https://colab.research.google.com/drive/1xeTMObzeNxsIjSY2bAyn0Lu4pBkQ4q6v,Advanced General coding help - Refactor code__4_V3_B.ipynb,batch_10
https://colab.research.google.com/drive/1BQlUT9HnRSpZu2CUS5Toze-_q4BxhFv4,First Timer Basic scripting - Write simple code in Javascript__6_V3_B.ipynb,batch_10
https://colab.research.google.com/drive/17LJ0VyQyRr5CZoERuKMSvWsBkA6ZW-tq,Intermediate General coding help - Explain complex code snippets__7_V3_B.ipynb,batch_10
https://colab.research.google.com/drive/15CnISJ18XUhCwqrOjMa045_wmBZBOBjD,Beginner General coding help - Do a code review__4_V3_B.ipynb,batch_10
https://colab.research.google.com/drive/14e6TJnEGVp15ucQShi406UolgAo61RaM,Beginner Learning - Learn to program__6_V3_B.ipynb,batch_10
https://colab.research.google.com/drive/1kvZ8wEKaV012cRNLeuPwZcZvbxMEnfEC,Intermediate Interview preparation - Proactively ask follow up questions__5_V3_B.ipynb,batch_10
https://colab.research.google.com/drive/1soFudRq4RYYEfh0ip-MUlC-imnaOqTLw,Advanced Interview preparation - Debug and fix code__6_V3_B.ipynb,batch_10
https://colab.research.google.com/drive/1OteLW1CMpul0tG5inuX58odwDdaOF5EI,First Timer Interview preparation - User asks AI help to take an Interview. AI takes an interview__3_V3_B.ipynb,batch_10
https://colab.research.google.com/drive/1B_FpxArSWSv5Gblrm06Jgv2h2wZJDiW4,Intermediate Write unit test - Explain code with comments__8_V3_B.ipynb,batch_10
https://colab.research.google.com/drive/1bZHK6Bs7a-e9bCo0EUOrSvQLl9tGLVaC,Advanced Interview preparation - System Design rounds__6_V3_B.ipynb,batch_10
https://colab.research.google.com/drive/1UODyeOSLzpfgFqbeALtokCp2MZKjaUcf,Advanced General coding help - Rewrite code using better formatting - best practises__5_V3_B.ipynb,batch_10
https://colab.research.google.com/drive/1ZO5V0F5QWJIJnhwTZ8yPXKk4oZuQiu61,Expert Interview preparation - System Design rounds__6_V3_B.ipynb,batch_10
https://colab.research.google.com/drive/1yCfbBw99VA7GlTyb_XKp2ggNcW3S1dh5,Beginner Learning - Learn to use some tool - infra__5_V3_B.ipynb,batch_10
https://colab.research.google.com/drive/1vhnUbmz0Cz0X0RGK9pugVHR7Ie-db5dW,Intermediate Interview preparation - Explain the problem step by step__4_V3_B.ipynb,batch_10
https://colab.research.google.com/drive/10Erdc3ST2buPU4cj48vl4Pm6oYfP4-tk,Intermediate Learning - Learn to use some tool - infra__10_V3_B.ipynb,batch_10
https://colab.research.google.com/drive/11FFz2Qkx30o1N9HrY89QjrlKoirHni7u,Advanced Interview preparation - Debug and fix code__7_V3_B.ipynb,batch_10
https://colab.research.google.com/drive/12S5ZtxUWt9qQhXq1MT08ohoqvCmWRKkO,Intermediate Interview preparation - System Design rounds__4_V3_B.ipynb,batch_10
https://colab.research.google.com/drive/10hYZLIczNrDGDveThaGXDfBoSWC6Nbo7,Intermediate General coding help - Rewrite code using better formatting - best practises__2_V3_B.ipynb,batch_10
https://colab.research.google.com/drive/1I4-vLnXY29KFffqnSk1aIyHHInEIq0-A,Beginner Learning - Learn to program__7_V3_B.ipynb,batch_10
https://colab.research.google.com/drive/1W8l_fm7m-1wPk9fRd_rdcilLB00EoUws,Expert Interview preparation - Explain areas where people usually make mistakes__10_V3_B.ipynb,batch_10
https://colab.research.google.com/drive/1954ym0FHLRcKWy4yb88vsja110lVUXwi,Intermediate General coding help - Refactor code__3_V3_B.ipynb,batch_10
https://colab.research.google.com/drive/19M8SnOq1JGMYkGKSE4M9FWU9dYzCImel,Beginner Interview preparation - System Design rounds__0_V3_B.ipynb,batch_10
https://colab.research.google.com/drive/1RMmXlG-AD5Fgcg-geKO4Fi7qb6XHwqRY,Advanced Interview preparation - Explain the problem step by step__6_V3_B.ipynb,batch_10
https://colab.research.google.com/drive/1EuB2ERHIL-a-Dza8fveIWgj30MSJviDc,Beginner Learning - Learn to use some tool - infra__6_V3_B.ipynb,batch_10
https://colab.research.google.com/drive/1derO3zEkboP08ZzspjBWqgsG-u7rh-LS,Intermediate General coding help - Refactor code__4_V3_B.ipynb,batch_10
https://colab.research.google.com/drive/1MVHZLnHdrBgI-zCjhsqW7r8b6tRANDTf,Advanced Interview preparation - Debug and fix code__8_V3_B.ipynb,batch_10
https://colab.research.google.com/drive/1rBTCESxmBaptNNNEuqh294VZUpP-5ikw,Beginner Basic scripting - Write simple code in Javascript__10_V3_B.ipynb,batch_10
https://colab.research.google.com/drive/18yK1MXEe39sXVMZwrG3h6qOiSBWTrZz-,Advanced General coding help - Rewrite code using better formatting - best practises__6_V3_B.ipynb,batch_10
https://colab.research.google.com/drive/1yv_qKUsWvOH0UyaeIYAr5yUUPNVkzGwq,Expert General coding help - Rewrite code using better formatting - best practises__6_V3_B.ipynb,batch_10
https://colab.research.google.com/drive/1QhSuXiTbhpKdK_hUQZeohx3nbIXJsr13,Expert General coding help - Rewrite code using better formatting - best practises__7_V3_B.ipynb,batch_10
https://colab.research.google.com/drive/1ux7627vMSSm-rru4O9a-zjwXiFXF2RwM,Intermediate Interview preparation - System Design rounds__5_V3_B.ipynb,batch_10
https://colab.research.google.com/drive/1URrJiZzaJ00FyjLbZuEcA9nR3e1MMYB7,Expert General coding help - Add comments to code__4_V3_B.ipynb,batch_10
https://colab.research.google.com/drive/1oEukDGX_Y_KW8sI9eAV2E792SHpDPPRN,Advanced Debugging and Troubleshooting - Debug error trace__6_V3_B.ipynb,batch_10
https://colab.research.google.com/drive/16P0eMU_IDXX8gbnsJw5p1tA3YpeqCDOH,First Timer General coding help - Refactor code__3_V3_B.ipynb,batch_10
https://colab.research.google.com/drive/1AfCv-QNUveiEAEih9qxY3nHleUrXO1ri,Advanced General coding help - Add comments to code__8_V3_B.ipynb,batch_10
https://colab.research.google.com/drive/122cJScZseW8s_9w6SR_W80mmPs6l9UJB,Advanced Learning - Learn to program__2_V3_B.ipynb,batch_10
https://colab.research.google.com/drive/1iPbeu_cPZ1tBcQMLc5JkINxg4gqA_0J6,Intermediate General coding help - Add comments to code__6_V3_B.ipynb,batch_10
https://colab.research.google.com/drive/1cXrDiaIFAcBX0nRB0Jsp7nKPImVYb5T7,Intermediate Interview preparation - Explain areas where people usually make mistakes__4_V3_B.ipynb,batch_10
https://colab.research.google.com/drive/1MJwpIvYH5oRXoMkkFi5Z87heuhPkqO5C,Expert General coding help - Refactor code__8_V3_B.ipynb,batch_10
https://colab.research.google.com/drive/1UKlXrqWC8iI3V_2MIYVSACA-sl8ZsY_E,Beginner Learning - Learn to use some tool - infra__7_V3_B.ipynb,batch_10
https://colab.research.google.com/drive/1fWQuhAN__UQZIJ2iUHbtfnCjxfLS5GQd,Advanced Interview preparation - User asks AI help to take an Interview. AI takes an interview__5_V3_B.ipynb,batch_10
https://colab.research.google.com/drive/158aidOiRXSbQGmorzTa70hxfl-qXWCZL,Intermediate Interview preparation - Explain areas where people usually make mistakes__5_V3_B.ipynb,batch_10
https://colab.research.google.com/drive/1AtzcrETvY3c1GADvPoARTzMK0KQZMqPV,Intermediate General coding help - Explain complex code snippets__8_V3_B.ipynb,batch_10
https://colab.research.google.com/drive/1xNjVM25HoEGgZrnboMk1dBbG-Icn9dck,Advanced General coding help - Rewrite code using better formatting - best practises__7_V3_B.ipynb,batch_10
https://colab.research.google.com/drive/1TswuHWBFVSgSPd-1RxajhyZKR37uo9nb,First Timer General coding help - Refactor code__4_V3_B.ipynb,batch_10
https://colab.research.google.com/drive/12A_kSRdcqBlxBom4TCUUeCt-zge0K0Yk,Advanced Debugging and Troubleshooting - Debug error trace__7_V3_B.ipynb,batch_10
https://colab.research.google.com/drive/1-vYTudMLU_cKK1AtvbrHs2LPzCq_qhuV,Intermediate Debugging and Troubleshooting - Debug error trace__6_V3_B.ipynb,batch_10
https://colab.research.google.com/drive/1Uf9kUdutda_IQjfBBhr7OmYd1X79f3NP,Intermediate Interview preparation - Explain the problem step by step__5_V3_B.ipynb,batch_10
https://colab.research.google.com/drive/1SJeH2GIDX50K8ozOahdsBR3gP5-WSlbk,Expert General coding help - Add comments to code__5_V3_B.ipynb,batch_10
https://colab.research.google.com/drive/1RxnHLK9slO_uIipzuMQrTLp6NxEhEwn5,Advanced Debugging and Troubleshooting - Debug error trace__8_V3_B.ipynb,batch_10
https://colab.research.google.com/drive/1zLi_ch3fOACM6ofkXlemPOM-rRHez-0O,Advanced Interview preparation - System Design rounds__7_V3_B.ipynb,batch_10
https://colab.research.google.com/drive/1hER3P4Pv70exOWkpdZ3G3gD4XZQ3W3ys,Advanced General coding help - Add comments to code__9_V3_B.ipynb,batch_10
https://colab.research.google.com/drive/11lxq8a5a42SwTXL--WVHukV99THu8oFb,First Timer Learning - Learn to use some tool - infra__4_V3_B.ipynb,batch_10
https://colab.research.google.com/drive/1Ug53og086dt7BE9iNPxrrMxA3b0rFU8X,Intermediate General coding help - Do a code review__5_V3_B.ipynb,batch_10
https://colab.research.google.com/drive/1-P59ouQa0shI6gL8hg_ci_nOEODYMO17,Advanced Interview preparation - Explain areas where people usually make mistakes__13_V3_B.ipynb,batch_10
https://colab.research.google.com/drive/10m1IBgxBAnrK2CM0n8wnGOGaZInZbl9L,Expert General coding help - Do a code review__3_V3_B.ipynb,batch_10
https://colab.research.google.com/drive/14uFiXVISvRaZXbokiXL1q7-EoWYHYANE,Advanced Interview preparation - User asks AI help to take an Interview. AI takes an interview__6_V3_B.ipynb,batch_10
https://colab.research.google.com/drive/1TKKe87UWT2CbfB1EGtg7wpTNVBhM-kGP,Beginner Learning - Learn to use some tool - infra__8_V3_B.ipynb,batch_10
https://colab.research.google.com/drive/1GEvp_-rsmSQtrCfvbm3OCcWsohgR56xt,Advanced Interview preparation - System Design rounds__8_V3_B.ipynb,batch_10
https://colab.research.google.com/drive/1EFaQoeKEB0bG8YqhlijKU4akEZ-B9MrY,Intermediate Interview preparation - System Design rounds__6_V3_B.ipynb,batch_10
https://colab.research.google.com/drive/1anS0NlHWDoHa0fnv-NX7oguuNfMoQAX-,Intermediate General coding help - Explain complex code snippets__9_V3_B.ipynb,batch_10
https://colab.research.google.com/drive/1wkD-dnjwQLwSxHGRRRiR5hXhsEihpoH8,Intermediate Interview preparation - System Design rounds__7_V3_B.ipynb,batch_10
https://colab.research.google.com/drive/17LVqTxIZzbYfAYolmmctshBoenMjNPJ1,Intermediate Basic scripting - Write simple code in Javascript__4_V3_B.ipynb,batch_10
https://colab.research.google.com/drive/16Z6VZyJ00XRJuCGMwIzdXS79N4geEvTb,Advanced Interview preparation - System Design rounds__9_V3_B.ipynb,batch_10
https://colab.research.google.com/drive/1jhXnrOuseYS67eoJzORd5qeQoDvdUlvm,Advanced General coding help - Rewrite code using better formatting - best practises__8_V3_B.ipynb,batch_10
https://colab.research.google.com/drive/18c_rZVeZt2-VtHf0ap3h2nYaSwm_S4Xb,Intermediate Interview preparation - System Design rounds__8_V3_B.ipynb,batch_10
https://colab.research.google.com/drive/1snves-Mxfizt--XOTPtVwhzMBB87jdO-,Advanced General coding help - Refactor code__5_V3_B.ipynb,batch_10
https://colab.research.google.com/drive/1ywBP6hRsZRJZupdCxlnKED3C0OAMvvsw,Advanced General coding help - Refactor code__6_V3_B.ipynb,batch_10
https://colab.research.google.com/drive/1R_gbaxz6GSLQc6I2wS6zxrC0EA-uGRsR,Beginner General coding help - Add comments to code__3_V3_B.ipynb,batch_10
https://colab.research.google.com/drive/1XdWWXybhGi1BM1YeGnSR0SQChTsuGcvn,Intermediate Learning - Learn to program__4_V3_B.ipynb,batch_10
https://colab.research.google.com/drive/1WTbC23e9hslqk34x9lm3ZEDByM34y9fB,Expert Interview preparation - Explain areas where people usually make mistakes__11_V3_B.ipynb,batch_10
https://colab.research.google.com/drive/1z7sdFvi5POC_O_DmQIoYkkcYhGBbPJkm,Intermediate Debugging and Troubleshooting - Debug error trace__7_V3_B.ipynb,batch_10
https://colab.research.google.com/drive/1sh4XfeMPrs8HM9WosG23a8E2BgPmWprC,Beginner Interview preparation - Explain the problem step by step__2_V3_B.ipynb,batch_10
https://colab.research.google.com/drive/1PxCGidEGo5pYDQp_9rpFR4aCBXjmJv6h,Advanced Interview preparation - Explain the problem step by step__7_V3_B.ipynb,batch_10
https://colab.research.google.com/drive/1qp3_Rpr5JQPPz1sQqavdVzfF86PX6k-v,Beginner Interview preparation - Debug and fix code__1_V3_B.ipynb,batch_10
https://colab.research.google.com/drive/16KjjViOhzK-h7MFGIVMOKJC0xpph3yVl,Intermediate Interview preparation - User asks AI help to take an Interview. AI takes an interview__1_V3_B.ipynb,batch_10
https://colab.research.google.com/drive/1hNu9RRYgg88sX4volnFW0L9htcjnfhtb,Advanced Interview preparation - System Design rounds__10_V3_B.ipynb,batch_10
https://colab.research.google.com/drive/1rP6uTDKgCjZnzFC7UZvxeD5UwAR80hFX,Expert General coding help - Rewrite code using better formatting - best practises__8_V3_B.ipynb,batch_10
https://colab.research.google.com/drive/1gdFGkQdXyeGvbL_ez3CaKJwoiXQYkL1A,Beginner General coding help - Refactor code__5_V3_B.ipynb,batch_10
https://colab.research.google.com/drive/137AAzU5swIPtpUboEeKQVH9JvUo1yg4p,Intermediate Write unit test - Explain code with comments__9_V3_B.ipynb,batch_10
https://colab.research.google.com/drive/1kU9ZGwJk4RO38uhiYpAGxX6V1kSkde_G,Beginner Interview preparation - Explain areas where people usually make mistakes__4_V3_B.ipynb,batch_10
https://colab.research.google.com/drive/1bbCaBGjO8-Bg7nv8PZUryxnpng3ObXYM,Intermediate General coding help - Do a code review__6_V3_B.ipynb,batch_10
https://colab.research.google.com/drive/19mNDBYg_oP0RDp-RIaNKh6L6LNTmmHjA,Intermediate Interview preparation - Debug and fix code__3_V3_B.ipynb,batch_10
https://colab.research.google.com/drive/1jnDq1HIu0RYl_iJRdx3ju68aG4NkkN5I,Expert Interview preparation - Explain alternative solutions and trade offs__5_V3_B.ipynb,batch_10
https://colab.research.google.com/drive/17CnLIa1sugbH55geDpep_CGnTAUfcIhe,Beginner Interview preparation - User asks AI help to take an Interview. AI takes an interview__1_V3_B.ipynb,batch_10
https://colab.research.google.com/drive/11BVAy6icBQq4SwFBNOpDw80LO0CwcQ50,Beginner Learning - Learn to program__8_V3_B.ipynb,batch_10
https://colab.research.google.com/drive/1MyzQyNd5J6KMBekiSG0w19GbUmf5bZpB,Expert Interview preparation - User asks AI help to take an Interview. AI takes an interview__6_V3_B.ipynb,batch_10
https://colab.research.google.com/drive/1bI7EsNGVykSZfHtXxrPHTu2qHAypI-Ih,Beginner Interview preparation - System Design rounds__1_V3_B.ipynb,batch_10
https://colab.research.google.com/drive/1qPk2knx2u7Ybs2CxUs6f6oN0NqMaPdt4,Intermediate Interview preparation - Explain areas where people usually make mistakes__6_V3_B.ipynb,batch_10
https://colab.research.google.com/drive/1i66-xP5d3VcxMQASxhe0aYiyOznY6tBu,Beginner Interview preparation - Explain alternative solutions and trade offs__3_V3_B.ipynb,batch_10
https://colab.research.google.com/drive/1C5YmYfvQReOyjWpZ_SFA-_HcGeL50mXI,First Timer Basic scripting - Write simple code in Javascript__7_V3_B.ipynb,batch_10
https://colab.research.google.com/drive/1YyGRfHzwZWAOztCk7ODLyQHN_wDo8YVy,Advanced Interview preparation - Explain the problem step by step__8_V3_B.ipynb,batch_10
https://colab.research.google.com/drive/1eUf98F1pedAPMYTG8i5SL8z4f6CYNgzY,Advanced Write unit test - Explain code with comments__6_V3_B.ipynb,batch_10
https://colab.research.google.com/drive/1CTZcjE3Ifn_qhjRjlICAuobbelAhdlf3,First Timer Learning - Learn to use some tool - infra__5_V3_B.ipynb,batch_10
https://colab.research.google.com/drive/1SbuYM9gkCQ5GapDWqWXYW9JvcjubbjGk,Intermediate General coding help - Explain complex code snippets__10_V3_B.ipynb,batch_10
https://colab.research.google.com/drive/14177FmG_KXbADEmOM7MpXc5CmzibPtcp,Expert Interview preparation - Explain areas where people usually make mistakes__12_V3_B.ipynb,batch_10
https://colab.research.google.com/drive/1aLMDsHGBPJrBDa1v7o3CDA_Zkb18FXc2,Intermediate Interview preparation - Explain alternative solutions and trade offs__3_V3_B.ipynb,batch_10
https://colab.research.google.com/drive/1spf9EURb-eaJs9iYOiDKwY4-mxD7MclA,Intermediate Interview preparation - Explain the problem step by step__6_V3_B.ipynb,batch_10
https://colab.research.google.com/drive/1T0eNs_Sc8VhIeF-WRCql2NQ0ynod47jn,First Timer Basic scripting - Write simple code in Javascript__8_V3_B.ipynb,batch_10
https://colab.research.google.com/drive/1OmN1r59ZMc9TMC-5SgqzOS8lgT35A1ab,Expert Write unit test - Explain code with comments__7_V3_B.ipynb,batch_10
https://colab.research.google.com/drive/1AsEl4qk5xXy1KmzYmB_NB_khmoxgMb_1,Advanced Interview preparation - System Design rounds__11_V3_B.ipynb,batch_10
https://colab.research.google.com/drive/1pnISYYZmGz4FFanIze0Nv3eOeahGMSpT,First Timer General coding help - Do a code review__1_V3_B.ipynb,batch_10
https://colab.research.google.com/drive/1IDhinCSS2aAXZeRrZT5nQ7T-PPPLpb8X,Intermediate Interview preparation - Proactively ask follow up questions__6_V3_B.ipynb,batch_10
https://colab.research.google.com/drive/1BhEvQUWlknT4Nkf6tf423RwWTx8gb1Sj,Advanced Interview preparation - Debug and fix code__9_V3_B.ipynb,batch_10
https://colab.research.google.com/drive/1f43-KdAKBhwNPwgzOeOTHIwrG6hm-k65,Expert Interview preparation - Proactively ask follow up questions__2_V3_B.ipynb,batch_10
https://colab.research.google.com/drive/1rHW5gQs0lJq-9zQZnH2DvqNjifSjs143,Intermediate Interview preparation - Proactively ask follow up questions__7_V3_B.ipynb,batch_10
https://colab.research.google.com/drive/1FfDkvYB6RbRAqKzfXubEAF8SErB1Sxa1,Advanced General coding help - Do a code review__10_V3_B.ipynb,batch_10
https://colab.research.google.com/drive/1A8TTDXUVNRITe6r9bhTuNY5598u4exgL,First Timer General coding help - Refactor code__5_V3_B.ipynb,batch_10
https://colab.research.google.com/drive/1EIbMTPikU4_wOuDnVJfG7QlXktL8B4dM,Expert General coding help - Rewrite code using better formatting - best practises__9_V3_B.ipynb,batch_10
https://colab.research.google.com/drive/1MNQBm_Z56ZWkCndPmq4p8VcspD1muLeC,Beginner Learning - Learn to use some tool - infra__9_V3_B.ipynb,batch_10
https://colab.research.google.com/drive/1GWn3q_HnrF1lwOopsg42jMrdlWPn48yE,Advanced Interview preparation - Debug and fix code__10_V3_B.ipynb,batch_10
https://colab.research.google.com/drive/14m_wnKDM_WI7CVuM8z-zYrK1zaMzi_5q,Expert Debugging and Troubleshooting - Debug error trace__8_V3_B.ipynb,batch_10
https://colab.research.google.com/drive/1gtfIz9wIEA6Vr2panzF-m8xz6ZHBXxhb,Advanced Interview preparation - Explain the problem step by step__9_V3_B.ipynb,batch_10
https://colab.research.google.com/drive/1ubEFTIuJ46csSuUGmB53QYtC1YMT93Lu,Intermediate Interview preparation - Debug and fix code__4_V3_B.ipynb,batch_10
https://colab.research.google.com/drive/1TZ0LSqNNj6_w_GtYfmajqf-RdpmROiht,Advanced Interview preparation - Explain alternative solutions and trade offs__7_V3_B.ipynb,batch_10
https://colab.research.google.com/drive/1_6DoPYDzJCD62NyIHQESMHDUGmjSo7X7,Intermediate General coding help - Explain complex code snippets__11_V3_B.ipynb,batch_10
https://colab.research.google.com/drive/1UiU8LmKxttDYy0jyJbTDf4vf80G-IdfE,First Timer Learning - Learn to use some tool - infra__6_V3_B.ipynb,batch_10
https://colab.research.google.com/drive/1VBIN2g-QXrLvUEsc1h0QilBHUHAHPYxA,Advanced General coding help - Add comments to code__10_V3_B.ipynb,batch_10
https://colab.research.google.com/drive/1WL93pgMqngPCOepDK33si8XjQPslhE62,Expert Learning - Learn to use some tool - infra__1_V3_B.ipynb,batch_10
https://colab.research.google.com/drive/1Kk63IlB4jzcxuAsNRGoDPHOiSiAyJzQk,Advanced Learning - Learn to use some tool - infra__2_V3_B.ipynb,batch_10
https://colab.research.google.com/drive/1TVbKAqcGzQPI7J6RbPfExbGPi-9oOcxS,Expert Debugging and Troubleshooting - Debug error trace__9_V3_B.ipynb,batch_10
https://colab.research.google.com/drive/1HdQBU9nhoNTOE4T7-fs66cO19lCRKMkK,Beginner Interview preparation - Explain areas where people usually make mistakes__5_V3_B.ipynb,batch_10
https://colab.research.google.com/drive/1186m672lwOk0iMm8zkSnsuhfQ7Ocfeck,Expert Interview preparation - User asks AI help to take an Interview. AI takes an interview__7_V3_B.ipynb,batch_10
https://colab.research.google.com/drive/1-zdSYY4m_p71zWhmM91pa2B1th47Ehv6,Advanced Write unit test - Explain code with comments__7_V3_B.ipynb,batch_10
https://colab.research.google.com/drive/1eXLobxA73okL9651BWGLIy4gvikS7VG1,Beginner Interview preparation - Explain the problem step by step__3_V3_B.ipynb,batch_10
https://colab.research.google.com/drive/1HLqFMyPNKXgvR2hvnEsiqPNJGdt10W2k,Intermediate Write unit test - Explain code with comments__10_V3_B.ipynb,batch_10
https://colab.research.google.com/drive/1xRcRL0InrO4oLui3Uq6zbJL78XjXR_pj,Advanced General coding help - Do a code review__11_V3_B.ipynb,batch_10
https://colab.research.google.com/drive/1Z93FPu9lVvyqBN6r3DXY5x79SpOJnMbU,Expert Debugging and Troubleshooting - Debug error trace__10_V3_B.ipynb,batch_10
https://colab.research.google.com/drive/1NwpPJXIO8tETlYDNcoPZacZQkrRuol6s,First Timer Learning - Learn to use some tool - infra__7_V3_B.ipynb,batch_10
https://colab.research.google.com/drive/16M-L-esimFFt3Eh6yhyvXtQdQor4wm0Q,Intermediate Learning - Learn to use some tool - infra__11_V3_B.ipynb,batch_10
https://colab.research.google.com/drive/17M9bSaaKxZZG0oyTjnt7hGxBnvIkGUq4,Advanced Interview preparation - Explain alternative solutions and trade offs__8_V3_B.ipynb,batch_10
https://colab.research.google.com/drive/1c6zn2sZGH557hhkspYd-2eYmkW-OBqO7,First Timer General coding help - Add comments to code__0_V3_B.ipynb,batch_10
https://colab.research.google.com/drive/1F0Da216aNOc0EGkg_BV3ItoHcmUq0srN,Expert Interview preparation - Explain alternative solutions and trade offs__6_V3_B.ipynb,batch_10
https://colab.research.google.com/drive/1MYuxzBKIjUGHJRZDBszsXsXx3ByKCjwB,Intermediate General coding help - Rewrite code using better formatting - best practises__3_V3_B.ipynb,batch_10
https://colab.research.google.com/drive/1V4NrjYXVilwuLVXMqzyQ2-QHaiF3hvb7,Expert General coding help - Explain complex code snippets__4_V3_B.ipynb,batch_10
https://colab.research.google.com/drive/1yxJwrjbDmwNXNShnDTMgheLFLlfG1lMT,Intermediate Interview preparation - Explain areas where people usually make mistakes__7_V3_B.ipynb,batch_10
https://colab.research.google.com/drive/1Fnnv8NDv8bm9Rzu0WXSM2JJvNNxPBgCq,Expert General coding help - Explain complex code snippets__5_V3_B.ipynb,batch_10
https://colab.research.google.com/drive/1IxwwVquArIdzO0o4YZQHa2eaLhvDw_sQ,Beginner Interview preparation - Debug and fix code__2_V3_B.ipynb,batch_10
https://colab.research.google.com/drive/1s3Vzcz7MEYKeYUu-Bri5Kx4if0yOj0S1,Advanced Interview preparation - User asks AI help to take an Interview. AI takes an interview__7_V3_B.ipynb,batch_10
https://colab.research.google.com/drive/19dgCO-ZDqN-WdaArqSiD7dNZp0t6tKZM,Expert Interview preparation - System Design rounds__7_V3_B.ipynb,batch_10
https://colab.research.google.com/drive/1YHv-8sATMwd3apRg2hV_DdrgGmVfiNon,Intermediate General coding help - Rewrite code using better formatting - best practises__4_V3_B.ipynb,batch_10
https://colab.research.google.com/drive/12-BhvUEfhoAP4YFfTZx4ncArdtFviVZ4,Expert Interview preparation - System Design rounds__8_V3_B.ipynb,batch_10
https://colab.research.google.com/drive/1IP7-Iq-QVAfwGH2rErubJ25QMFQ_FHIf,Expert Debugging and Troubleshooting - Debug error trace__11_V3_B.ipynb,batch_10
https://colab.research.google.com/drive/19ajH0E5RJVH0aSgI38Dnkh_0iwKWBrQ5,Expert General coding help - Do a code review__4_V3_B.ipynb,batch_10
https://colab.research.google.com/drive/1wX9yqFzqHEW1OtjEpSvWzNn8Op31a4QR,Expert General coding help - Refactor code__9_V3_B.ipynb,batch_10
https://colab.research.google.com/drive/1bMdBdC906vfHX3Hajw00q9Iv_0rYKp9U,Intermediate Debugging and Troubleshooting - Debug error trace__8_V3_B.ipynb,batch_10
https://colab.research.google.com/drive/1gPxzcezQXjb-bYEZJOUFYzYHqNwuNBTC,Beginner Write unit test - Explain code with comments__4_V3_B.ipynb,batch_10
https://colab.research.google.com/drive/1awf-p9kDtTZ8PvUZ6CuJa2GO3QsiKf0b,Advanced Debugging and Troubleshooting - Debug error trace__9_V3_B.ipynb,batch_10
https://colab.research.google.com/drive/1O2lju_LRd7TmnBroVOzpfsDT8erWh8NG,Beginner Interview preparation - Explain areas where people usually make mistakes__6_V3_B.ipynb,batch_10
https://colab.research.google.com/drive/1gxuwSe-s_JXUNCQ60kG7LBT7MOwYih8K,Intermediate Write unit test - Explain code with comments__11_V3_B.ipynb,batch_10
https://colab.research.google.com/drive/1eoUhNKd64DIj4d0LrAr6dsIw4EygyPbc,Expert General coding help - Do a code review__5_V3_B.ipynb,batch_10
https://colab.research.google.com/drive/1wlVI6m8MHdymfLH4aD6GeV-f0fEorVXU,First Timer Learning - Learn to use some tool - infra__8_V3_B.ipynb,batch_10
https://colab.research.google.com/drive/1cr_3GarWC-a4oZC2RGSs3MiCIs8zcVtd,Advanced Learning - Learn to use some tool - infra__3_V3_B.ipynb,batch_10
https://colab.research.google.com/drive/1zw8o25LhloBsaYXEcQOsrdA-D0IU9StH,Expert Interview preparation - Debug and fix code__3_V3_B.ipynb,batch_10
